# Time (s),Altitude (ft),Vertical velocity (m/s)
# Event IGNITION occurred at t=0 seconds
# Event LAUNCH occurred at t=0 seconds
0,0,0
0.009,0,0
0.019,0.002,0.225
0.029,0.021,1.039
# Event LIFTOFF occurred at t=0.039 seconds
0.039,0.077,2.457
0.044,0.125,3.394
0.051,0.227,4.897
0.063,0.454,7.139
0.073,0.72,9.073
0.078,0.877,10.053
0.086,1.142,11.515
0.094,1.486,13.136
0.104,1.948,15.038
0.109,2.203,16.001
0.117,2.614,17.441
0.125,3.123,19.045
0.135,3.779,20.918
0.147,4.647,23.176
0.157,5.438,25.061
0.167,6.291,26.944
0.177,7.206,28.824
0.187,8.182,30.702
0.194,8.903,32.015
0.204,9.984,33.894
0.214,11.127,35.78
0.224,12.332,37.673
0.234,13.599,39.574
0.244,14.928,41.481
0.254,16.321,43.395
# Event LAUNCHROD occurred at t=0.264 seconds
0.264,17.776,45.317
0.279,20.077,48.208
0.302,23.797,52.574
0.335,29.984,59.191
0.35,32.919,62.109
0.372,37.587,66.53
0.405,45.197,73.284
0.428,50.827,77.988
0.462,59.932,85.131
0.512,74.767,95.76
0.563,91.697,106.757
0.613,110.105,117.684
0.663,130.314,128.729
0.694,143.757,135.636
0.74,165.245,146.068
0.79,190.132,157.37
0.84,216.88,168.759
0.891,245.504,180.236
0.941,276.017,191.799
0.988,306.768,202.866
1.038,341.007,214.584
1.088,377.173,226.353
1.138,415.273,238.171
1.188,455.315,250.032
1.238,497.306,261.929
1.266,521.674,268.604
1.308,559.378,278.642
1.358,606.07,290.635
1.408,654.733,302.671
1.458,705.375,314.773
1.491,739.889,322.797
1.541,793.289,334.827
1.581,838.431,344.627
1.631,895.95,356.627
1.641,907.69,359.009
1.656,925.445,362.575
# Event SIM_WARN occurred at t=1.667 seconds: Body calculations may not be entirely accurate at supersonic speeds.
1.679,952.407,367.913
1.684,959.058,369.217
1.692,969.078,371.165
1.705,984.206,374.065
1.716,998.215,376.708
1.733,1019.414,380.648
1.759,1051.623,386.529
1.784,1084.004,392.317
1.822,1133.472,400.901
1.872,1200.147,411.971
1.922,1268.619,422.796
1.938,1290.881,426.205
1.962,1324.608,431.276
1.998,1375.941,438.794
2.048,1448.767,449.066
2.098,1523.26,459.128
2.138,1584.123,467.042
2.188,1661.538,476.784
2.238,1740.542,486.415
2.288,1821.117,495.935
2.338,1903.245,505.345
2.388,1986.907,514.646
2.438,2072.086,523.833
2.488,2158.762,532.909
2.491,2164.01,533.45
2.496,2171.892,534.26
2.502,2183.737,535.473
2.512,2201.554,537.287
2.528,2228.394,539.996
2.55,2268.905,544.029
2.585,2330.234,550.013
2.6,2358.243,552.698
2.623,2400.512,556.641
2.658,2464.463,562.282
2.708,2557.327,569.803
2.758,2651.37,576.647
2.808,2746.479,582.811
2.858,2842.543,588.293
2.908,2939.451,593.093
2.919,2960.743,594.051
2.935,2992.745,595.457
2.96,3040.889,597.539
2.997,3113.417,600.602
3.022,3162.957,602.645
3.06,3237.574,605.552
3.11,3337.2,609.01
3.138,3393.934,610.766
3.181,3479.324,613.139
3.231,3580.107,615.545
3.281,3681.252,617.536
3.3,3720.722,618.199
3.329,3780,619.034
3.373,3869.04,619.866
3.388,3899.518,620.035
3.41,3945.248,620.208
3.441,4007.364,620.328
3.487,4100.551,620.384
3.537,4202.32,620.383
3.544,4217.005,620.378
3.555,4239.033,620.365
3.571,4272.072,620.328
3.595,4321.627,620.236
3.609,4349.287,620.166
3.629,4390.77,619.998
3.66,4452.965,619.55
3.688,4509.9,618.936
3.73,4595.181,617.805
3.778,4692.29,616.364
3.819,4775.11,615.008
3.853,4843.646,613.775
3.897,4932.119,611.919
3.947,5032.301,609.448
3.981,5100.182,607.591
# Event BURNOUT occurred at t=3.997 seconds
3.997,5132.053,606.678
4.021,5179.768,605.302
4.057,5251.139,603.249
4.107,5349.865,600.418
4.157,5448.128,597.609
4.207,5545.932,594.824
4.257,5643.281,592.061
4.307,5740.179,589.319
4.357,5836.629,586.6
4.407,5932.634,583.902
4.457,6028.199,581.226
4.507,6123.326,578.571
4.557,6218.02,575.937
4.607,6312.283,573.323
4.657,6406.119,570.73
4.707,6499.532,568.158
4.757,6592.524,565.605
4.807,6685.099,563.072
4.857,6777.26,560.558
4.907,6869.01,558.064
4.957,6960.353,555.589
5.007,7051.291,553.132
5.057,7141.828,550.694
5.107,7231.966,548.274
5.157,7321.709,545.872
5.207,7411.059,543.488
5.257,7500.019,541.121
5.307,7588.593,538.772
5.357,7676.783,536.44
5.407,7764.591,534.124
5.457,7852.021,531.826
5.507,7939.076,529.544
5.557,8025.757,527.279
5.607,8112.068,525.03
5.657,8198.012,522.797
5.707,8283.59,520.58
5.757,8368.807,518.379
5.807,8453.663,516.194
5.857,8538.162,514.023
5.907,8622.307,511.868
5.957,8706.099,509.729
6.007,8789.541,507.604
6.057,8872.636,505.494
6.107,8955.387,503.398
6.157,9037.794,501.318
6.207,9119.862,499.251
6.257,9201.591,497.199
6.307,9282.986,495.161
6.357,9364.047,493.137
6.407,9444.777,491.127
6.457,9525.178,489.13
6.507,9605.253,487.147
6.557,9685.004,485.177
6.607,9764.432,483.22
6.657,9843.541,481.277
6.707,9922.332,479.346
6.757,1e4,477.428
6.807,1.008e4,475.523
6.857,1.016e4,473.63
6.907,1.023e4,471.75
6.957,1.031e4,469.882
7.007,1.039e4,468.025
7.057,1.047e4,466.181
7.107,1.054e4,464.348
7.157,1.062e4,462.527
7.207,1.069e4,460.717
7.257,1.077e4,458.919
7.307,1.084e4,457.132
7.357,1.092e4,455.356
7.407,1.099e4,453.591
7.457,1.107e4,451.837
7.507,1.114e4,450.093
7.557,1.122e4,448.361
7.607,1.129e4,446.639
7.657,1.136e4,444.927
7.707,1.143e4,443.226
7.757,1.151e4,441.535
7.807,1.158e4,439.855
7.857,1.165e4,438.185
7.907,1.172e4,436.526
7.957,1.179e4,434.877
8.007,1.187e4,433.238
8.057,1.194e4,431.609
8.107,1.201e4,429.99
8.157,1.208e4,428.38
8.207,1.215e4,426.781
8.257,1.222e4,425.191
8.307,1.229e4,423.61
8.357,1.236e4,422.038
8.407,1.243e4,420.476
8.457,1.249e4,418.923
8.507,1.256e4,417.379
8.557,1.263e4,415.844
8.607,1.27e4,414.317
8.657,1.277e4,412.8
8.707,1.284e4,411.291
8.757,1.29e4,409.791
8.807,1.297e4,408.299
8.857,1.304e4,406.816
8.907,1.31e4,405.341
8.957,1.317e4,403.874
9.007,1.324e4,402.415
9.057,1.33e4,400.965
9.107,1.337e4,399.523
9.157,1.343e4,398.088
9.207,1.35e4,396.661
9.257,1.356e4,395.242
9.307,1.363e4,393.831
9.357,1.369e4,392.427
9.407,1.376e4,391.031
9.457,1.382e4,389.642
9.507,1.388e4,388.26
9.557,1.395e4,386.886
9.607,1.401e4,385.518
9.657,1.407e4,384.158
9.707,1.414e4,382.805
9.757,1.42e4,381.458
9.807,1.426e4,380.119
9.857,1.432e4,378.786
9.907,1.439e4,377.461
9.957,1.445e4,376.141
10.007,1.451e4,374.829
10.057,1.457e4,373.523
10.107,1.463e4,372.224
10.157,1.469e4,370.931
10.207,1.475e4,369.645
10.257,1.481e4,368.365
10.307,1.487e4,367.092
10.357,1.494e4,365.825
10.407,1.499e4,364.565
10.457,1.505e4,363.31
10.507,1.511e4,362.062
10.557,1.517e4,360.82
10.607,1.523e4,359.584
10.657,1.529e4,358.354
10.707,1.535e4,357.13
10.757,1.541e4,355.911
10.807,1.547e4,354.698
10.857,1.552e4,353.491
10.907,1.558e4,352.29
10.957,1.564e4,351.094
11.007,1.57e4,349.904
11.057,1.576e4,348.719
11.107,1.581e4,347.539
11.157,1.587e4,346.365
11.207,1.593e4,345.197
11.257,1.598e4,344.033
11.307,1.604e4,342.875
11.357,1.61e4,341.722
11.407,1.615e4,340.575
11.457,1.621e4,339.432
11.507,1.626e4,338.295
11.557,1.632e4,337.162
11.607,1.637e4,336.035
11.657,1.643e4,334.913
11.707,1.648e4,333.797
11.757,1.654e4,332.685
11.807,1.659e4,331.578
11.857,1.665e4,330.476
11.907,1.67e4,329.379
11.957,1.675e4,328.286
12.007,1.681e4,327.199
12.057,1.686e4,326.116
12.107,1.692e4,325.038
12.157,1.697e4,323.964
12.207,1.702e4,322.895
12.257,1.707e4,321.83
12.307,1.713e4,320.771
12.357,1.718e4,319.716
12.407,1.723e4,318.666
12.457,1.728e4,317.621
12.507,1.734e4,316.581
12.557,1.739e4,315.545
12.607,1.744e4,314.513
12.657,1.749e4,313.487
12.707,1.754e4,312.464
12.757,1.759e4,311.446
12.807,1.764e4,310.433
12.857,1.77e4,309.424
12.907,1.775e4,308.419
12.957,1.78e4,307.419
13.007,1.785e4,306.422
13.057,1.79e4,305.43
13.107,1.795e4,304.442
13.157,1.8e4,303.458
13.207,1.805e4,302.478
13.257,1.81e4,301.502
13.307,1.815e4,300.53
13.357,1.82e4,299.562
13.407,1.824e4,298.598
13.457,1.829e4,297.638
13.507,1.834e4,296.682
13.557,1.839e4,295.729
13.607,1.844e4,294.78
13.657,1.849e4,293.835
13.707,1.854e4,292.893
13.757,1.858e4,291.955
13.807,1.863e4,291.021
13.857,1.868e4,290.09
13.907,1.873e4,289.162
13.957,1.877e4,288.238
14.007,1.882e4,287.317
14.057,1.887e4,286.399
14.107,1.891e4,285.485
14.157,1.896e4,284.573
14.207,1.901e4,283.665
14.257,1.905e4,282.76
14.307,1.91e4,281.858
14.357,1.915e4,280.959
14.407,1.919e4,280.063
14.457,1.924e4,279.17
14.507,1.928e4,278.28
14.557,1.933e4,277.393
14.607,1.938e4,276.508
14.657,1.942e4,275.627
14.707,1.947e4,274.749
14.757,1.951e4,273.873
14.807,1.956e4,273.001
14.857,1.96e4,272.132
14.907,1.965e4,271.267
14.957,1.969e4,270.406
15.007,1.973e4,269.55
15.057,1.978e4,268.697
15.107,1.982e4,267.848
15.157,1.987e4,267.003
15.207,1.991e4,266.162
15.257,1.995e4,265.325
15.307,2e4,264.491
15.357,2.004e4,263.66
15.407,2.008e4,262.833
15.457,2.013e4,262.01
15.507,2.017e4,261.189
15.557,2.021e4,260.372
15.607,2.025e4,259.558
15.657,2.03e4,258.748
15.707,2.034e4,257.94
15.757,2.038e4,257.136
15.807,2.042e4,256.334
15.857,2.047e4,255.536
15.907,2.051e4,254.74
15.957,2.055e4,253.948
16.007,2.059e4,253.158
16.057,2.063e4,252.371
16.107,2.067e4,251.587
16.157,2.071e4,250.805
16.207,2.076e4,250.027
16.257,2.08e4,249.251
16.307,2.084e4,248.477
16.357,2.088e4,247.707
16.407,2.092e4,246.938
16.457,2.096e4,246.173
16.507,2.1e4,245.409
16.557,2.104e4,244.649
16.607,2.108e4,243.89
16.657,2.112e4,243.134
16.707,2.116e4,242.381
16.757,2.12e4,241.63
16.807,2.124e4,240.881
16.857,2.128e4,240.134
16.907,2.132e4,239.39
16.957,2.136e4,238.648
17.007,2.14e4,237.908
17.057,2.144e4,237.171
17.107,2.147e4,236.435
17.157,2.151e4,235.702
17.207,2.155e4,234.971
17.257,2.159e4,234.242
17.307,2.163e4,233.515
17.357,2.167e4,232.791
17.407,2.17e4,232.068
17.457,2.174e4,231.347
17.507,2.178e4,230.628
17.557,2.182e4,229.911
17.607,2.186e4,229.196
17.657,2.189e4,228.483
17.707,2.193e4,227.772
17.757,2.197e4,227.063
17.807,2.201e4,226.356
17.857,2.204e4,225.65
17.907,2.208e4,224.946
17.957,2.212e4,224.244
18.007,2.215e4,223.544
18.057,2.219e4,222.846
18.107,2.223e4,222.149
18.157,2.226e4,221.454
18.207,2.23e4,220.761
18.257,2.233e4,220.07
18.307,2.237e4,219.38
18.357,2.241e4,218.692
18.407,2.244e4,218.006
18.457,2.248e4,217.321
18.507,2.251e4,216.638
18.557,2.255e4,215.956
18.607,2.258e4,215.276
18.657,2.262e4,214.598
18.707,2.266e4,213.921
18.757,2.269e4,213.246
18.807,2.273e4,212.572
18.857,2.276e4,211.9
18.907,2.279e4,211.229
18.957,2.283e4,210.56
19.007,2.286e4,209.892
19.057,2.29e4,209.226
19.107,2.293e4,208.562
19.157,2.297e4,207.898
19.207,2.3e4,207.236
19.257,2.303e4,206.576
19.307,2.307e4,205.917
19.357,2.31e4,205.259
19.407,2.314e4,204.603
19.457,2.317e4,203.948
19.507,2.32e4,203.295
19.557,2.324e4,202.642
19.607,2.327e4,201.992
19.657,2.33e4,201.342
19.707,2.334e4,200.694
19.757,2.337e4,200.047
19.807,2.34e4,199.401
19.857,2.343e4,198.757
19.907,2.347e4,198.114
19.957,2.35e4,197.472
20.007,2.353e4,196.832
20.057,2.356e4,196.192
20.107,2.36e4,195.554
20.157,2.363e4,194.917
20.207,2.366e4,194.281
20.257,2.369e4,193.647
20.307,2.372e4,193.014
20.357,2.375e4,192.381
20.407,2.379e4,191.75
20.457,2.382e4,191.12
20.507,2.385e4,190.492
20.557,2.388e4,189.864
20.607,2.391e4,189.238
20.657,2.394e4,188.612
20.707,2.397e4,187.988
20.757,2.4e4,187.365
20.807,2.403e4,186.743
20.857,2.406e4,186.122
20.907,2.41e4,185.502
20.957,2.413e4,184.883
21.007,2.416e4,184.265
21.057,2.419e4,183.648
21.107,2.422e4,183.033
21.157,2.425e4,182.418
21.207,2.428e4,181.804
21.257,2.431e4,181.192
21.307,2.434e4,180.58
21.357,2.437e4,179.97
21.407,2.439e4,179.36
21.457,2.442e4,178.751
21.507,2.445e4,178.144
21.557,2.448e4,177.537
21.607,2.451e4,176.931
21.657,2.454e4,176.326
21.707,2.457e4,175.722
21.757,2.46e4,175.12
21.807,2.463e4,174.518
21.857,2.466e4,173.917
21.907,2.468e4,173.316
21.957,2.471e4,172.717
22.007,2.474e4,172.119
22.057,2.477e4,171.521
22.107,2.48e4,170.925
22.157,2.482e4,170.329
22.207,2.485e4,169.735
22.257,2.488e4,169.141
22.307,2.491e4,168.548
22.357,2.494e4,167.955
22.407,2.496e4,167.364
22.457,2.499e4,166.774
22.507,2.502e4,166.184
22.557,2.505e4,165.595
22.607,2.507e4,165.007
22.657,2.51e4,164.42
22.707,2.513e4,163.834
22.757,2.515e4,163.248
22.807,2.518e4,162.663
22.857,2.521e4,162.079
22.907,2.523e4,161.496
22.957,2.526e4,160.914
23.007,2.529e4,160.332
23.057,2.531e4,159.751
23.107,2.534e4,159.171
23.157,2.536e4,158.592
23.207,2.539e4,158.013
23.257,2.542e4,157.435
23.307,2.544e4,156.858
23.357,2.547e4,156.282
23.407,2.549e4,155.706
23.457,2.552e4,155.131
23.507,2.554e4,154.557
23.557,2.557e4,153.984
23.607,2.559e4,153.411
23.657,2.562e4,152.839
23.707,2.564e4,152.268
23.757,2.567e4,151.697
23.807,2.569e4,151.127
23.857,2.572e4,150.558
23.907,2.574e4,149.989
23.957,2.577e4,149.421
24.007,2.579e4,148.854
24.057,2.582e4,148.287
24.107,2.584e4,147.721
24.157,2.587e4,147.156
24.207,2.589e4,146.591
24.257,2.591e4,146.027
24.307,2.594e4,145.464
24.357,2.596e4,144.901
24.407,2.599e4,144.339
24.457,2.601e4,143.778
24.507,2.603e4,143.217
24.557,2.606e4,142.657
24.607,2.608e4,142.097
24.657,2.61e4,141.538
24.707,2.613e4,140.98
24.757,2.615e4,140.422
24.807,2.617e4,139.865
24.857,2.619e4,139.308
24.907,2.622e4,138.752
24.957,2.624e4,138.197
25.007,2.626e4,137.642
25.057,2.629e4,137.088
25.107,2.631e4,136.534
25.157,2.633e4,135.981
25.207,2.635e4,135.428
25.257,2.637e4,134.876
25.307,2.64e4,134.325
25.357,2.642e4,133.774
25.407,2.644e4,133.224
25.457,2.646e4,132.674
25.507,2.648e4,132.125
25.557,2.651e4,131.576
25.607,2.653e4,131.028
25.657,2.655e4,130.48
25.707,2.657e4,129.933
25.757,2.659e4,129.386
25.807,2.661e4,128.84
25.857,2.663e4,128.295
25.907,2.665e4,127.75
25.957,2.668e4,127.205
26.007,2.67e4,126.661
26.057,2.672e4,126.118
26.107,2.674e4,125.575
26.157,2.676e4,125.032
26.207,2.678e4,124.49
26.257,2.68e4,123.948
26.307,2.682e4,123.407
26.357,2.684e4,122.867
26.407,2.686e4,122.326
26.457,2.688e4,121.787
26.507,2.69e4,121.248
26.557,2.692e4,120.709
26.607,2.694e4,120.17
26.657,2.696e4,119.633
26.707,2.698e4,119.095
26.757,2.7e4,118.558
26.807,2.702e4,118.022
26.857,2.704e4,117.486
26.907,2.706e4,116.95
26.957,2.708e4,116.415
27.007,2.709e4,115.88
27.057,2.711e4,115.346
27.107,2.713e4,114.812
27.157,2.715e4,114.279
27.207,2.717e4,113.746
27.257,2.719e4,113.213
27.307,2.721e4,112.681
27.357,2.722e4,112.149
27.407,2.724e4,111.618
27.457,2.726e4,111.087
27.507,2.728e4,110.557
27.557,2.73e4,110.026
27.607,2.732e4,109.497
27.657,2.733e4,108.967
27.707,2.735e4,108.438
27.757,2.737e4,107.91
27.807,2.739e4,107.382
27.857,2.74e4,106.854
27.907,2.742e4,106.327
27.957,2.744e4,105.8
28.007,2.746e4,105.273
28.057,2.747e4,104.747
28.107,2.749e4,104.221
28.157,2.751e4,103.695
28.207,2.753e4,103.17
28.257,2.754e4,102.646
28.307,2.756e4,102.121
28.357,2.758e4,101.597
28.407,2.759e4,101.073
28.457,2.761e4,100.55
28.507,2.763e4,100.027
28.557,2.764e4,99.504
28.607,2.766e4,98.982
28.657,2.767e4,98.46
28.707,2.769e4,97.939
28.757,2.771e4,97.417
28.807,2.772e4,96.897
28.857,2.774e4,96.376
28.907,2.775e4,95.856
28.957,2.777e4,95.336
29.007,2.778e4,94.816
29.057,2.78e4,94.297
29.107,2.782e4,93.778
29.157,2.783e4,93.259
29.207,2.785e4,92.741
29.257,2.786e4,92.223
29.307,2.788e4,91.706
29.357,2.789e4,91.188
29.407,2.791e4,90.671
29.457,2.792e4,90.154
29.507,2.794e4,89.638
29.557,2.795e4,89.122
29.607,2.797e4,88.606
29.657,2.798e4,88.091
29.707,2.799e4,87.575
29.757,2.801e4,87.06
29.807,2.802e4,86.546
29.857,2.804e4,86.031
29.907,2.805e4,85.517
29.957,2.807e4,85.003
30.007,2.808e4,84.49
30.057,2.809e4,83.977
30.107,2.811e4,83.464
30.157,2.812e4,82.951
30.207,2.813e4,82.439
30.257,2.815e4,81.927
30.307,2.816e4,81.415
30.357,2.817e4,80.903
30.407,2.819e4,80.392
30.457,2.82e4,79.881
30.507,2.821e4,79.37
30.557,2.823e4,78.859
30.607,2.824e4,78.349
30.657,2.825e4,77.839
30.707,2.826e4,77.329
30.757,2.828e4,76.819
30.807,2.829e4,76.31
30.857,2.83e4,75.801
30.907,2.831e4,75.292
30.957,2.833e4,74.783
31.007,2.834e4,74.275
31.057,2.835e4,73.767
31.107,2.836e4,73.259
31.157,2.838e4,72.751
31.207,2.839e4,72.243
31.257,2.84e4,71.736
31.307,2.841e4,71.229
31.357,2.842e4,70.722
31.407,2.843e4,70.216
31.457,2.845e4,69.709
31.507,2.846e4,69.203
31.557,2.847e4,68.697
31.607,2.848e4,68.191
31.657,2.849e4,67.686
31.707,2.85e4,67.181
31.757,2.851e4,66.676
31.807,2.852e4,66.171
31.857,2.853e4,65.666
31.907,2.855e4,65.162
31.957,2.856e4,64.657
32.007,2.857e4,64.153
32.057,2.858e4,63.649
32.107,2.859e4,63.146
32.157,2.86e4,62.642
32.207,2.861e4,62.139
32.257,2.862e4,61.636
32.307,2.863e4,61.133
32.357,2.864e4,60.631
32.407,2.865e4,60.128
32.457,2.866e4,59.626
32.507,2.867e4,59.124
32.557,2.868e4,58.622
32.607,2.869e4,58.12
32.657,2.87e4,57.619
32.707,2.871e4,57.117
32.757,2.872e4,56.616
32.807,2.872e4,56.115
32.857,2.873e4,55.614
32.907,2.874e4,55.114
32.957,2.875e4,54.613
33.007,2.876e4,54.113
33.057,2.877e4,53.613
33.107,2.878e4,53.113
33.157,2.879e4,52.613
33.207,2.88e4,52.114
33.257,2.88e4,51.615
33.307,2.881e4,51.115
33.357,2.882e4,50.616
33.407,2.883e4,50.117
33.457,2.884e4,49.619
33.507,2.885e4,49.12
33.557,2.885e4,48.622
33.607,2.886e4,48.124
33.657,2.887e4,47.625
33.707,2.888e4,47.128
33.757,2.888e4,46.63
33.807,2.889e4,46.132
33.857,2.89e4,45.635
33.907,2.891e4,45.138
33.957,2.891e4,44.64
34.007,2.892e4,44.144
34.057,2.893e4,43.647
34.107,2.894e4,43.15
34.157,2.894e4,42.654
34.207,2.895e4,42.157
34.257,2.896e4,41.661
34.307,2.896e4,41.165
34.357,2.897e4,40.669
34.407,2.898e4,40.173
34.457,2.898e4,39.678
34.507,2.899e4,39.182
34.557,2.9e4,38.687
34.607,2.9e4,38.191
34.657,2.901e4,37.696
34.707,2.902e4,37.201
34.757,2.902e4,36.707
34.807,2.903e4,36.212
34.857,2.903e4,35.717
34.907,2.904e4,35.223
34.957,2.904e4,34.729
35.007,2.905e4,34.234
35.057,2.906e4,33.74
35.107,2.906e4,33.246
35.157,2.907e4,32.753
35.207,2.907e4,32.259
35.257,2.908e4,31.765
35.307,2.908e4,31.272
35.357,2.909e4,30.779
35.407,2.909e4,30.286
35.457,2.91e4,29.793
35.507,2.91e4,29.3
35.557,2.911e4,28.807
35.607,2.911e4,28.314
35.657,2.912e4,27.821
35.707,2.912e4,27.329
35.757,2.913e4,26.837
35.807,2.913e4,26.344
35.857,2.913e4,25.852
35.907,2.914e4,25.36
35.957,2.914e4,24.868
36.007,2.915e4,24.376
36.057,2.915e4,23.885
36.107,2.915e4,23.393
36.157,2.916e4,22.901
36.207,2.916e4,22.41
36.257,2.917e4,21.919
36.307,2.917e4,21.427
36.357,2.917e4,20.936
36.407,2.918e4,20.445
36.457,2.918e4,19.954
36.507,2.918e4,19.463
36.557,2.919e4,18.973
36.607,2.919e4,18.482
36.657,2.919e4,17.991
36.707,2.919e4,17.501
36.757,2.92e4,17.01
36.807,2.92e4,16.52
36.857,2.92e4,16.03
36.907,2.921e4,15.54
36.957,2.921e4,15.049
37.007,2.921e4,14.559
37.057,2.921e4,14.07
37.107,2.921e4,13.58
37.157,2.922e4,13.09
37.207,2.922e4,12.6
37.257,2.922e4,12.111
37.307,2.922e4,11.621
37.357,2.923e4,11.131
37.407,2.923e4,10.642
37.457,2.923e4,10.153
37.507,2.923e4,9.663
37.557,2.923e4,9.174
37.607,2.923e4,8.685
37.657,2.923e4,8.196
37.707,2.924e4,7.707
37.757,2.924e4,7.218
37.807,2.924e4,6.729
37.857,2.924e4,6.24
37.907,2.924e4,5.751
37.957,2.924e4,5.263
38.007,2.924e4,4.774
38.057,2.924e4,4.285
38.107,2.924e4,3.797
38.157,2.924e4,3.308
38.207,2.924e4,2.82
38.257,2.924e4,2.331
38.307,2.925e4,1.843
38.357,2.925e4,1.355
38.407,2.925e4,0.866
38.457,2.925e4,0.378
# Event APOGEE occurred at t=38.507 seconds
38.507,2.925e4,-0.11
# Event RECOVERY_DEVICE_DEPLOYMENT occurred at t=38.508 seconds
# Event SIM_WARN occurred at t=38.557 seconds: Recovery device deployment at high speed (55.3 m/s):  "Drogue Parachute"
38.557,2.925e4,-0.598
38.59,2.925e4,-0.906
38.623,2.925e4,-1.219
38.658,2.925e4,-1.538
38.694,2.925e4,-1.862
38.731,2.924e4,-2.191
38.77,2.924e4,-2.527
38.81,2.924e4,-2.869
38.851,2.924e4,-3.218
38.894,2.924e4,-3.573
38.938,2.924e4,-3.936
38.984,2.924e4,-4.306
39.032,2.924e4,-4.684
39.082,2.924e4,-5.07
39.133,2.924e4,-5.465
39.187,2.924e4,-5.868
39.242,2.924e4,-6.28
39.3,2.924e4,-6.701
39.359,2.924e4,-7.133
39.422,2.923e4,-7.574
39.486,2.923e4,-8.025
39.553,2.923e4,-8.487
39.623,2.923e4,-8.96
39.696,2.923e4,-9.444
39.771,2.922e4,-9.939
39.849,2.922e4,-10.445
39.93,2.922e4,-10.962
40.015,2.922e4,-11.491
40.102,2.921e4,-12.031
40.193,2.921e4,-12.583
40.287,2.92e4,-13.145
40.385,2.92e4,-13.718
40.486,2.92e4,-14.301
40.592,2.919e4,-14.894
40.701,2.918e4,-15.496
40.813,2.918e4,-16.107
40.93,2.917e4,-16.726
41.052,2.917e4,-17.353
41.177,2.916e4,-17.985
41.308,2.915e4,-18.623
41.443,2.914e4,-19.266
41.583,2.913e4,-19.912
41.729,2.912e4,-20.56
41.881,2.911e4,-21.21
42.039,2.91e4,-21.86
42.204,2.909e4,-22.509
42.377,2.908e4,-23.155
42.559,2.906e4,-23.798
42.749,2.905e4,-24.435
42.951,2.903e4,-25.066
43.165,2.901e4,-25.688
43.392,2.899e4,-26.3
43.636,2.897e4,-26.899
43.898,2.895e4,-27.484
44.183,2.892e4,-28.051
44.495,2.889e4,-28.598
44.84,2.886e4,-29.12
45.227,2.882e4,-29.614
45.668,2.878e4,-30.074
46.168,2.873e4,-30.482
46.668,2.868e4,-30.785
47.168,2.863e4,-31.007
47.668,2.858e4,-31.165
48.168,2.853e4,-31.276
48.668,2.848e4,-31.351
49.168,2.843e4,-31.398
49.668,2.837e4,-31.425
50.168,2.832e4,-31.438
50.668,2.827e4,-31.439
51.168,2.822e4,-31.432
51.668,2.817e4,-31.419
52.168,2.812e4,-31.401
52.668,2.807e4,-31.379
53.168,2.801e4,-31.355
53.668,2.796e4,-31.328
54.168,2.791e4,-31.301
54.668,2.786e4,-31.273
55.168,2.781e4,-31.244
55.668,2.776e4,-31.215
56.168,2.771e4,-31.186
56.668,2.765e4,-31.156
57.168,2.76e4,-31.126
57.668,2.755e4,-31.097
58.168,2.75e4,-31.067
58.668,2.745e4,-31.038
59.168,2.74e4,-31.008
59.668,2.735e4,-30.979
60.168,2.73e4,-30.95
60.668,2.725e4,-30.921
61.168,2.72e4,-30.892
61.668,2.715e4,-30.863
62.168,2.71e4,-30.834
62.668,2.704e4,-30.806
63.168,2.699e4,-30.777
63.668,2.694e4,-30.749
64.168,2.689e4,-30.721
64.668,2.684e4,-30.693
65.168,2.679e4,-30.665
65.668,2.674e4,-30.637
66.168,2.669e4,-30.609
66.668,2.664e4,-30.582
67.168,2.659e4,-30.554
67.668,2.654e4,-30.527
68.168,2.649e4,-30.499
68.668,2.644e4,-30.471
69.168,2.639e4,-30.442
69.668,2.634e4,-30.414
70.168,2.629e4,-30.385
70.668,2.624e4,-30.357
71.168,2.619e4,-30.328
71.668,2.614e4,-30.3
72.168,2.609e4,-30.272
72.668,2.604e4,-30.244
73.168,2.599e4,-30.216
73.668,2.594e4,-30.188
74.168,2.589e4,-30.16
74.668,2.585e4,-30.133
75.168,2.58e4,-30.105
75.668,2.575e4,-30.078
76.168,2.57e4,-30.051
76.668,2.565e4,-30.024
77.168,2.56e4,-29.997
77.668,2.555e4,-29.97
78.168,2.55e4,-29.943
78.668,2.545e4,-29.916
79.168,2.54e4,-29.89
79.668,2.535e4,-29.864
80.168,2.53e4,-29.837
80.668,2.526e4,-29.811
81.168,2.521e4,-29.785
81.668,2.516e4,-29.759
82.168,2.511e4,-29.733
82.668,2.506e4,-29.708
83.168,2.501e4,-29.682
83.668,2.496e4,-29.657
84.168,2.491e4,-29.631
84.668,2.487e4,-29.605
85.168,2.482e4,-29.579
85.668,2.477e4,-29.553
86.168,2.472e4,-29.526
86.668,2.467e4,-29.5
87.168,2.462e4,-29.473
87.668,2.457e4,-29.447
88.168,2.453e4,-29.421
88.668,2.448e4,-29.394
89.168,2.443e4,-29.368
89.668,2.438e4,-29.342
90.168,2.433e4,-29.316
90.668,2.429e4,-29.291
91.168,2.424e4,-29.265
91.668,2.419e4,-29.239
92.168,2.414e4,-29.214
92.668,2.409e4,-29.189
93.168,2.405e4,-29.163
93.668,2.4e4,-29.138
94.168,2.395e4,-29.113
94.668,2.39e4,-29.088
95.168,2.385e4,-29.063
95.668,2.381e4,-29.039
96.168,2.376e4,-29.014
96.668,2.371e4,-28.99
97.168,2.366e4,-28.965
97.668,2.362e4,-28.941
98.168,2.357e4,-28.917
98.668,2.352e4,-28.893
99.168,2.347e4,-28.869
99.668,2.343e4,-28.845
100.168,2.338e4,-28.821
100.668,2.333e4,-28.797
101.168,2.329e4,-28.774
101.668,2.324e4,-28.75
102.168,2.319e4,-28.725
102.668,2.314e4,-28.701
103.168,2.31e4,-28.676
103.668,2.305e4,-28.652
104.168,2.3e4,-28.627
104.668,2.296e4,-28.602
105.168,2.291e4,-28.578
105.668,2.286e4,-28.554
106.168,2.282e4,-28.529
106.668,2.277e4,-28.505
107.168,2.272e4,-28.481
107.668,2.268e4,-28.457
108.168,2.263e4,-28.433
108.668,2.258e4,-28.409
109.168,2.254e4,-28.385
109.668,2.249e4,-28.362
110.168,2.244e4,-28.338
110.668,2.24e4,-28.315
111.168,2.235e4,-28.291
111.668,2.23e4,-28.268
112.168,2.226e4,-28.245
112.668,2.221e4,-28.222
113.168,2.216e4,-28.199
113.668,2.212e4,-28.176
114.168,2.207e4,-28.153
114.668,2.203e4,-28.131
115.168,2.198e4,-28.108
115.668,2.193e4,-28.086
116.168,2.189e4,-28.063
116.668,2.184e4,-28.041
117.168,2.18e4,-28.019
117.668,2.175e4,-27.997
118.168,2.17e4,-27.974
118.668,2.166e4,-27.952
119.168,2.161e4,-27.93
119.668,2.157e4,-27.908
120.168,2.152e4,-27.885
120.668,2.147e4,-27.862
121.168,2.143e4,-27.839
121.668,2.138e4,-27.816
122.168,2.134e4,-27.793
122.668,2.129e4,-27.771
123.168,2.125e4,-27.748
123.668,2.12e4,-27.725
124.168,2.116e4,-27.703
124.668,2.111e4,-27.68
125.168,2.106e4,-27.658
125.668,2.102e4,-27.635
126.168,2.097e4,-27.613
126.668,2.093e4,-27.591
127.168,2.088e4,-27.569
127.668,2.084e4,-27.547
128.168,2.079e4,-27.525
128.668,2.075e4,-27.503
129.168,2.07e4,-27.482
129.668,2.066e4,-27.46
130.168,2.061e4,-27.439
130.668,2.057e4,-27.417
131.168,2.052e4,-27.396
131.668,2.048e4,-27.374
132.168,2.043e4,-27.353
132.668,2.039e4,-27.332
133.168,2.034e4,-27.311
133.668,2.03e4,-27.29
134.168,2.025e4,-27.269
134.668,2.021e4,-27.248
135.168,2.016e4,-27.228
135.668,2.012e4,-27.207
136.168,2.008e4,-27.187
136.668,2.003e4,-27.166
137.168,1.999e4,-27.145
137.668,1.994e4,-27.125
138.168,1.99e4,-27.103
138.668,1.985e4,-27.082
139.168,1.981e4,-27.061
139.668,1.976e4,-27.039
140.168,1.972e4,-27.018
140.668,1.968e4,-26.997
141.168,1.963e4,-26.976
141.668,1.959e4,-26.954
142.168,1.954e4,-26.933
142.668,1.95e4,-26.912
143.168,1.945e4,-26.891
143.668,1.941e4,-26.871
144.168,1.937e4,-26.85
144.668,1.932e4,-26.829
145.168,1.928e4,-26.809
145.668,1.923e4,-26.788
146.168,1.919e4,-26.768
146.668,1.915e4,-26.747
147.168,1.91e4,-26.727
147.668,1.906e4,-26.707
148.168,1.901e4,-26.687
148.668,1.897e4,-26.667
149.168,1.893e4,-26.647
149.668,1.888e4,-26.627
150.168,1.884e4,-26.607
150.668,1.88e4,-26.587
151.168,1.875e4,-26.568
151.668,1.871e4,-26.548
152.168,1.867e4,-26.528
152.668,1.862e4,-26.509
153.168,1.858e4,-26.49
153.668,1.854e4,-26.47
154.168,1.849e4,-26.451
154.668,1.845e4,-26.432
155.168,1.841e4,-26.413
155.668,1.836e4,-26.394
156.168,1.832e4,-26.374
156.668,1.828e4,-26.354
157.168,1.823e4,-26.335
157.668,1.819e4,-26.315
158.168,1.815e4,-26.295
158.668,1.81e4,-26.275
159.168,1.806e4,-26.255
159.668,1.802e4,-26.235
160.168,1.797e4,-26.216
160.668,1.793e4,-26.196
161.168,1.789e4,-26.176
161.668,1.784e4,-26.157
162.168,1.78e4,-26.137
162.668,1.776e4,-26.118
163.168,1.772e4,-26.099
163.668,1.767e4,-26.079
164.168,1.763e4,-26.06
164.668,1.759e4,-26.041
165.168,1.755e4,-26.022
165.668,1.75e4,-26.003
166.168,1.746e4,-25.984
166.668,1.742e4,-25.965
167.168,1.737e4,-25.947
167.668,1.733e4,-25.928
168.168,1.729e4,-25.909
168.668,1.725e4,-25.891
169.168,1.72e4,-25.872
169.668,1.716e4,-25.854
170.168,1.712e4,-25.835
170.668,1.708e4,-25.817
171.168,1.704e4,-25.799
171.668,1.699e4,-25.781
172.168,1.695e4,-25.763
172.668,1.691e4,-25.745
173.168,1.687e4,-25.727
173.668,1.682e4,-25.709
174.168,1.678e4,-25.691
174.668,1.674e4,-25.673
175.168,1.67e4,-25.655
175.668,1.666e4,-25.637
176.168,1.661e4,-25.618
176.668,1.657e4,-25.6
177.168,1.653e4,-25.581
177.668,1.649e4,-25.562
178.168,1.645e4,-25.544
178.668,1.64e4,-25.525
179.168,1.636e4,-25.507
179.668,1.632e4,-25.489
180.168,1.628e4,-25.47
180.668,1.624e4,-25.452
181.168,1.619e4,-25.434
181.668,1.615e4,-25.416
182.168,1.611e4,-25.398
182.668,1.607e4,-25.38
183.168,1.603e4,-25.362
183.668,1.599e4,-25.344
184.168,1.594e4,-25.326
184.668,1.59e4,-25.308
185.168,1.586e4,-25.29
185.668,1.582e4,-25.273
186.168,1.578e4,-25.255
186.668,1.574e4,-25.238
187.168,1.57e4,-25.22
187.668,1.565e4,-25.203
188.168,1.561e4,-25.186
188.668,1.557e4,-25.168
189.168,1.553e4,-25.151
189.668,1.549e4,-25.134
190.168,1.545e4,-25.117
190.668,1.541e4,-25.1
191.168,1.537e4,-25.083
191.668,1.532e4,-25.066
192.168,1.528e4,-25.049
192.668,1.524e4,-25.032
193.168,1.52e4,-25.015
193.668,1.516e4,-24.999
194.168,1.512e4,-24.982
194.668,1.508e4,-24.965
195.168,1.504e4,-24.948
195.668,1.5e4,-24.931
196.168,1.496e4,-24.914
196.668,1.492e4,-24.896
197.168,1.487e4,-24.879
197.668,1.483e4,-24.862
198.168,1.479e4,-24.844
198.668,1.475e4,-24.827
199.168,1.471e4,-24.81
199.668,1.467e4,-24.793
200.168,1.463e4,-24.776
200.668,1.459e4,-24.759
201.168,1.455e4,-24.742
201.668,1.451e4,-24.725
202.168,1.447e4,-24.708
202.668,1.443e4,-24.691
203.168,1.439e4,-24.674
203.668,1.435e4,-24.658
204.168,1.431e4,-24.641
204.668,1.427e4,-24.624
205.168,1.422e4,-24.608
205.668,1.418e4,-24.591
206.168,1.414e4,-24.575
206.668,1.41e4,-24.559
207.168,1.406e4,-24.542
207.668,1.402e4,-24.526
208.168,1.398e4,-24.51
208.668,1.394e4,-24.494
209.168,1.39e4,-24.478
209.668,1.386e4,-24.462
210.168,1.382e4,-24.446
210.668,1.378e4,-24.43
211.168,1.374e4,-24.414
211.668,1.37e4,-24.398
212.168,1.366e4,-24.382
212.668,1.362e4,-24.366
213.168,1.358e4,-24.351
213.668,1.354e4,-24.335
214.168,1.35e4,-24.319
214.668,1.346e4,-24.304
215.168,1.342e4,-24.288
215.668,1.338e4,-24.272
216.168,1.334e4,-24.256
216.668,1.33e4,-24.24
217.168,1.326e4,-24.224
217.668,1.322e4,-24.207
218.168,1.318e4,-24.191
218.668,1.314e4,-24.175
219.168,1.31e4,-24.159
219.668,1.307e4,-24.143
220.168,1.303e4,-24.127
220.668,1.299e4,-24.111
221.168,1.295e4,-24.095
221.668,1.291e4,-24.079
222.168,1.287e4,-24.063
222.668,1.283e4,-24.047
223.168,1.279e4,-24.032
223.668,1.275e4,-24.016
224.168,1.271e4,-24
224.668,1.267e4,-23.985
225.168,1.263e4,-23.969
225.668,1.259e4,-23.954
226.168,1.255e4,-23.938
226.668,1.251e4,-23.923
227.168,1.247e4,-23.908
227.668,1.243e4,-23.892
228.168,1.24e4,-23.877
228.668,1.236e4,-23.862
229.168,1.232e4,-23.847
229.668,1.228e4,-23.832
230.168,1.224e4,-23.817
230.668,1.22e4,-23.802
231.168,1.216e4,-23.787
231.668,1.212e4,-23.772
232.168,1.208e4,-23.757
232.668,1.204e4,-23.742
233.168,1.201e4,-23.728
233.668,1.197e4,-23.713
234.168,1.193e4,-23.698
234.668,1.189e4,-23.684
235.168,1.185e4,-23.669
235.668,1.181e4,-23.655
236.168,1.177e4,-23.64
236.668,1.173e4,-23.625
237.168,1.169e4,-23.61
237.668,1.166e4,-23.594
238.168,1.162e4,-23.579
238.668,1.158e4,-23.564
239.168,1.154e4,-23.549
239.668,1.15e4,-23.534
240.168,1.146e4,-23.519
240.668,1.142e4,-23.504
241.168,1.139e4,-23.489
241.668,1.135e4,-23.474
242.168,1.131e4,-23.459
242.668,1.127e4,-23.444
243.168,1.123e4,-23.429
243.668,1.119e4,-23.414
244.168,1.115e4,-23.4
244.668,1.112e4,-23.385
245.168,1.108e4,-23.37
245.668,1.104e4,-23.356
246.168,1.1e4,-23.341
246.668,1.096e4,-23.327
247.168,1.092e4,-23.312
247.668,1.089e4,-23.298
248.168,1.085e4,-23.284
248.668,1.081e4,-23.269
249.168,1.077e4,-23.255
249.668,1.073e4,-23.241
250.168,1.07e4,-23.227
250.668,1.066e4,-23.213
251.168,1.062e4,-23.198
251.668,1.058e4,-23.184
252.168,1.054e4,-23.17
252.668,1.051e4,-23.156
253.168,1.047e4,-23.143
253.668,1.043e4,-23.129
254.168,1.039e4,-23.115
254.668,1.035e4,-23.101
255.168,1.032e4,-23.087
255.668,1.028e4,-23.074
256.168,1.024e4,-23.06
256.668,1.02e4,-23.046
257.168,1.016e4,-23.033
257.668,1.013e4,-23.019
258.168,1.009e4,-23.005
258.668,1.005e4,-22.99
259.168,1.001e4,-22.976
259.668,9976.112,-22.962
260.168,9938.457,-22.948
260.668,9900.825,-22.933
261.168,9863.216,-22.919
261.668,9825.63,-22.905
262.168,9788.068,-22.891
262.668,9750.528,-22.877
263.168,9713.012,-22.863
263.668,9675.518,-22.849
264.168,9638.047,-22.835
264.668,9600.599,-22.821
265.168,9563.174,-22.808
265.668,9525.771,-22.794
266.168,9488.391,-22.78
266.668,9451.034,-22.766
267.168,9413.699,-22.753
267.668,9376.386,-22.739
268.168,9339.096,-22.725
268.668,9301.827,-22.712
269.168,9264.582,-22.698
269.668,9227.358,-22.685
270.168,9190.156,-22.672
270.668,9152.976,-22.658
271.168,9115.818,-22.645
271.668,9078.682,-22.631
272.168,9041.568,-22.618
272.668,9004.475,-22.605
273.168,8967.404,-22.592
273.668,8930.355,-22.579
274.168,8893.327,-22.566
274.668,8856.321,-22.552
275.168,8819.336,-22.539
275.668,8782.373,-22.526
276.168,8745.43,-22.513
276.668,8708.509,-22.501
277.168,8671.61,-22.488
277.668,8634.731,-22.475
278.168,8597.873,-22.462
278.668,8561.037,-22.449
279.168,8524.221,-22.436
279.668,8487.426,-22.423
280.168,8450.653,-22.41
280.668,8413.902,-22.397
281.168,8377.173,-22.383
281.668,8340.466,-22.37
282.168,8303.78,-22.357
282.668,8267.116,-22.344
283.168,8230.475,-22.33
283.668,8193.854,-22.317
284.168,8157.256,-22.304
284.668,8120.679,-22.291
285.168,8084.124,-22.278
285.668,8047.59,-22.264
286.168,8011.078,-22.251
286.668,7974.587,-22.238
287.168,7938.117,-22.225
287.668,7901.669,-22.212
288.168,7865.241,-22.2
288.668,7828.835,-22.187
289.168,7792.45,-22.174
289.668,7756.086,-22.161
290.168,7719.743,-22.148
290.668,7683.421,-22.136
291.168,7647.119,-22.123
291.668,7610.839,-22.11
292.168,7574.579,-22.098
292.668,7538.339,-22.085
293.168,7502.121,-22.073
293.668,7465.923,-22.06
294.168,7429.745,-22.048
294.668,7393.588,-22.035
295.168,7357.451,-22.023
295.668,7321.334,-22.011
296.168,7285.238,-21.998
296.668,7249.161,-21.986
297.168,7213.105,-21.974
297.668,7177.069,-21.961
298.168,7141.053,-21.949
298.668,7105.057,-21.937
299.168,7069.081,-21.925
299.668,7033.125,-21.913
300.168,6997.188,-21.901
300.668,6961.272,-21.889
301.168,6925.375,-21.877
301.668,6889.497,-21.865
302.168,6853.64,-21.853
302.668,6817.803,-21.84
303.168,6781.986,-21.828
303.668,6746.189,-21.815
304.168,6710.413,-21.803
304.668,6674.658,-21.79
305.168,6638.923,-21.778
305.668,6603.209,-21.765
306.168,6567.515,-21.753
306.668,6531.842,-21.74
307.168,6496.188,-21.728
307.668,6460.555,-21.716
308.168,6424.942,-21.703
308.668,6389.35,-21.691
309.168,6353.777,-21.679
309.668,6318.224,-21.667
310.168,6282.691,-21.655
310.668,6247.179,-21.643
311.168,6211.686,-21.63
311.668,6176.213,-21.618
312.168,6140.759,-21.606
312.668,6105.325,-21.594
313.168,6069.911,-21.582
313.668,6034.517,-21.571
314.168,5999.142,-21.559
314.668,5963.786,-21.547
315.168,5928.45,-21.535
315.668,5893.133,-21.523
316.168,5857.836,-21.511
316.668,5822.557,-21.5
317.168,5787.298,-21.488
317.668,5752.058,-21.476
318.168,5716.838,-21.465
318.668,5681.636,-21.453
319.168,5646.453,-21.442
319.668,5611.289,-21.43
320.168,5576.144,-21.419
320.668,5541.018,-21.407
321.168,5505.911,-21.396
321.668,5470.823,-21.384
322.168,5435.753,-21.373
322.668,5400.702,-21.362
323.168,5365.669,-21.35
323.668,5330.655,-21.339
324.168,5295.659,-21.328
324.668,5260.682,-21.316
325.168,5225.724,-21.305
325.668,5190.784,-21.293
326.168,5155.864,-21.282
326.668,5120.962,-21.27
327.168,5086.08,-21.258
327.668,5051.218,-21.246
328.168,5016.374,-21.235
328.668,4981.55,-21.223
329.168,4946.745,-21.211
329.668,4911.959,-21.2
330.168,4877.192,-21.188
330.668,4842.444,-21.176
331.168,4807.716,-21.165
331.668,4773.006,-21.153
332.168,4738.315,-21.142
332.668,4703.642,-21.13
333.168,4668.989,-21.119
333.668,4634.354,-21.108
334.168,4599.738,-21.096
334.668,4565.14,-21.085
335.168,4530.562,-21.074
335.668,4496.001,-21.062
336.168,4461.459,-21.051
336.668,4426.936,-21.04
337.168,4392.431,-21.029
337.668,4357.944,-21.018
338.168,4323.475,-21.006
338.668,4289.025,-20.995
339.168,4254.593,-20.984
339.668,4220.179,-20.973
340.168,4185.783,-20.962
340.668,4151.405,-20.951
341.168,4117.045,-20.94
341.668,4082.703,-20.929
342.168,4048.379,-20.918
342.668,4014.073,-20.908
343.168,3979.784,-20.897
343.668,3945.514,-20.886
344.168,3911.261,-20.875
344.668,3877.026,-20.864
345.168,3842.808,-20.854
345.668,3808.608,-20.843
346.168,3774.425,-20.832
346.668,3740.26,-20.822
347.168,3706.113,-20.811
347.668,3671.982,-20.8
348.168,3637.87,-20.79
348.668,3603.774,-20.779
349.168,3569.696,-20.768
349.668,3535.636,-20.758
350.168,3501.594,-20.746
350.668,3467.57,-20.735
351.168,3433.564,-20.724
351.668,3399.577,-20.713
352.168,3365.607,-20.702
352.668,3331.656,-20.691
353.168,3297.722,-20.68
353.668,3263.807,-20.669
354.168,3229.909,-20.659
354.668,3196.029,-20.648
355.168,3162.167,-20.637
355.668,3128.323,-20.626
356.168,3094.496,-20.615
356.668,3060.687,-20.605
357.168,3026.896,-20.594
357.668,2993.122,-20.583
358.168,2959.366,-20.572
358.668,2925.627,-20.562
359.168,2891.906,-20.551
359.668,2858.202,-20.541
360.168,2824.516,-20.53
360.668,2790.847,-20.519
361.168,2757.195,-20.509
361.668,2723.56,-20.498
362.168,2689.943,-20.488
362.668,2656.342,-20.478
363.168,2622.759,-20.467
363.668,2589.193,-20.457
364.168,2555.644,-20.446
364.668,2522.111,-20.436
365.168,2488.596,-20.426
365.668,2455.098,-20.416
366.168,2421.616,-20.405
366.668,2388.151,-20.395
367.168,2354.703,-20.385
367.668,2321.272,-20.375
368.168,2287.857,-20.365
368.668,2254.459,-20.354
369.168,2221.077,-20.344
369.668,2187.712,-20.334
370.168,2154.364,-20.324
370.668,2121.032,-20.314
371.168,2087.717,-20.304
371.668,2054.417,-20.294
372.168,2021.135,-20.284
372.668,1987.868,-20.274
373.168,1954.618,-20.264
373.668,1921.384,-20.254
374.168,1888.168,-20.244
374.668,1854.968,-20.233
375.168,1821.785,-20.223
375.668,1788.62,-20.213
376.168,1755.471,-20.202
376.668,1722.34,-20.192
377.168,1689.225,-20.182
377.668,1656.127,-20.171
378.168,1623.046,-20.161
378.668,1589.982,-20.151
379.168,1556.935,-20.141
379.668,1523.905,-20.13
380.168,1490.891,-20.12
380.668,1457.894,-20.11
381.168,1424.913,-20.1
381.668,1391.949,-20.09
382.168,1359.002,-20.08
382.668,1326.071,-20.07
383.168,1293.156,-20.06
# Event SIM_WARN occurred at t=383.169 seconds: Recovery device deployment at high speed (20.1 m/s):  "Parachute"
# Event RECOVERY_DEVICE_DEPLOYMENT occurred at t=383.169 seconds
383.169,1293.09,-20.06
383.185,1292.092,-19.06
383.202,1291.024,-18.06
383.222,1289.877,-17.06
383.245,1288.636,-16.06
383.271,1287.281,-15.06
383.303,1285.786,-14.06
383.34,1284.113,-13.06
383.387,1282.205,-12.06
383.445,1279.972,-11.06
383.524,1277.25,-10.06
383.637,1273.702,-9.06
383.825,1268.426,-8.06
384.162,1259.922,-7.328
384.532,1251.039,-7.29
384.905,1242.135,-7.289
385.277,1233.234,-7.288
385.649,1224.336,-7.287
386.021,1215.44,-7.286
386.393,1206.546,-7.285
386.765,1197.654,-7.284
387.137,1188.765,-7.283
387.509,1179.879,-7.282
387.881,1170.994,-7.281
388.253,1162.112,-7.28
388.625,1153.233,-7.279
388.996,1144.356,-7.278
389.368,1135.481,-7.277
389.74,1126.608,-7.276
390.111,1117.738,-7.275
390.483,1108.87,-7.274
390.854,1100.005,-7.273
391.226,1091.142,-7.273
391.597,1082.281,-7.272
391.969,1073.423,-7.271
392.34,1064.567,-7.27
392.711,1055.713,-7.269
393.082,1046.862,-7.268
393.453,1038.013,-7.267
393.825,1029.167,-7.266
394.196,1020.322,-7.265
394.567,1011.481,-7.264
394.937,1002.641,-7.263
395.308,993.804,-7.262
395.679,984.969,-7.261
396.05,976.136,-7.26
396.421,967.306,-7.259
396.791,958.478,-7.258
397.162,949.652,-7.257
397.533,940.829,-7.256
397.903,932.008,-7.255
398.274,923.19,-7.254
398.644,914.373,-7.253
399.015,905.559,-7.252
399.385,896.747,-7.251
399.755,887.938,-7.251
400.126,879.131,-7.25
400.496,870.326,-7.249
400.866,861.524,-7.248
401.236,852.723,-7.247
401.606,843.926,-7.246
401.976,835.13,-7.245
402.346,826.337,-7.244
402.716,817.546,-7.243
403.086,808.757,-7.242
403.456,799.97,-7.241
403.825,791.186,-7.24
404.195,782.404,-7.239
404.565,773.625,-7.238
404.935,764.848,-7.237
405.304,756.072,-7.236
405.674,747.3,-7.235
406.043,738.529,-7.235
406.413,729.761,-7.234
406.782,720.995,-7.233
407.151,712.231,-7.232
407.521,703.47,-7.231
407.89,694.711,-7.23
408.259,685.954,-7.229
408.628,677.199,-7.228
408.997,668.447,-7.227
409.366,659.697,-7.226
409.735,650.949,-7.225
410.104,642.203,-7.224
410.473,633.46,-7.223
410.842,624.719,-7.222
411.211,615.98,-7.222
411.58,607.243,-7.221
411.948,598.509,-7.22
412.317,589.777,-7.219
412.686,581.047,-7.218
413.054,572.319,-7.217
413.423,563.593,-7.216
413.791,554.87,-7.215
414.16,546.149,-7.214
414.528,537.43,-7.213
414.896,528.714,-7.212
415.265,520,-7.211
415.633,511.287,-7.211
416.001,502.578,-7.21
416.369,493.87,-7.209
416.738,485.164,-7.208
417.106,476.461,-7.207
417.474,467.76,-7.206
417.842,459.061,-7.205
418.209,450.365,-7.204
418.577,441.67,-7.203
418.945,432.978,-7.202
419.313,424.288,-7.201
419.681,415.6,-7.2
420.048,406.915,-7.2
420.416,398.231,-7.199
420.784,389.55,-7.198
421.151,380.871,-7.197
421.519,372.194,-7.196
421.886,363.519,-7.195
422.254,354.847,-7.194
422.621,346.177,-7.193
422.988,337.509,-7.192
423.356,328.843,-7.191
423.723,320.18,-7.19
424.09,311.519,-7.189
424.457,302.86,-7.188
424.824,294.204,-7.187
425.191,285.55,-7.187
425.558,276.899,-7.186
425.925,268.249,-7.185
426.292,259.602,-7.184
426.659,250.957,-7.183
427.025,242.315,-7.182
427.392,233.675,-7.181
427.759,225.037,-7.18
428.125,216.401,-7.179
428.492,207.768,-7.178
428.859,199.137,-7.177
429.225,190.508,-7.176
429.591,181.881,-7.175
429.958,173.257,-7.174
430.324,164.635,-7.173
430.69,156.015,-7.172
431.057,147.398,-7.171
431.423,138.783,-7.17
431.789,130.17,-7.169
432.155,121.559,-7.169
432.521,112.951,-7.168
432.887,104.345,-7.167
433.253,95.741,-7.166
433.619,87.14,-7.165
433.985,78.54,-7.164
434.351,69.943,-7.163
434.716,61.349,-7.162
435.082,52.756,-7.161
435.448,44.166,-7.16
435.813,35.578,-7.159
436.179,26.992,-7.158
436.544,18.408,-7.157
436.91,9.827,-7.156
# Event GROUND_HIT occurred at t=437.329 seconds
# Event SIMULATION_END occurred at t=437.329 seconds
437.329,0,-7.155
